Instancia,Categoria,eps,min_samples,silhouette
Biblioteca,1,0.7857142857142857,2,0.0870434256760003
Biblioteca,2,0.7857142857142857,6,0.07349897727541507
Biblioteca,3,1.0285714285714285,6,0.12182969478432419
Biblioteca,4,0.7857142857142857,5,0.09796073290589467
Tecnologias,1,0.7857142857142857,3,0.10230741210442997
Tecnologias,2,1.0285714285714285,6,0.15258814896719253
Tecnologias,3,1.2714285714285714,5,0.14383169672987006
Tecnologias,4,1.0285714285714285,5,0.13145973713765569
