Instancia,Categoria,k_opt,silhouette
Biblioteca,1,6,0.17537919745499944
Biblioteca,2,6,0.18538219174040232
Biblioteca,3,6,0.17947400042259762
Biblioteca,4,5,0.16461743348907557
Tecnologias,1,4,0.17471613516567963
Tecnologias,2,5,0.18517205117154284
Tecnologias,3,2,0.1687801148462178
Tecnologias,4,5,0.1715953887204523
